{
  "overall_accuracy": {
    "mean_left": 0.8384884455015268,
    "mean_right": 0.8266855815911048,
    "mean_diff": 0.011802863910422049,
    "std_diff": 0.03032359606144559,
    "t_statistic": 1.3483334843431825,
    "p_value": 0.20465865384644405,
    "cohens_d_paired": 0.3892303500714612,
    "ci95_low": -0.007463829837879249,
    "ci95_high": 0.031069557658723344,
    "shapiro_statistic": 0.9157293858783373,
    "shapiro_p_value": 0.25248274003206883,
    "n_pairs": 12
  },
  "overall_weighted_f1": {
    "mean_left": 0.8357263406082103,
    "mean_right": 0.8257360644704822,
    "mean_diff": 0.009990276137728136,
    "std_diff": 0.03198803402537841,
    "t_statistic": 1.081883671779257,
    "p_value": 0.3024512369699457,
    "cohens_d_paired": 0.3123129145668074,
    "ci95_low": -0.010333951039298404,
    "ci95_high": 0.030314503314754673,
    "shapiro_statistic": 0.9530914156416677,
    "shapiro_p_value": 0.6825227027711472,
    "n_pairs": 12
  },
  "overall_train_val_gap": {
    "mean_left": 0.025704230868268108,
    "mean_right": 0.12967718538627435,
    "mean_diff": -0.10397295451800621,
    "std_diff": 0.11841178509028819,
    "t_statistic": -3.0416979137831617,
    "p_value": 0.011212537757542907,
    "cohens_d_paired": -0.8780625546581157,
    "ci95_low": -0.17920821338708548,
    "ci95_high": -0.028737695648926934,
    "shapiro_statistic": 0.7893268171921927,
    "shapiro_p_value": 0.007103075124578014,
    "n_pairs": 12
  },
  "per_dataset": {
    "sklearn_breast_cancer": {
      "accuracy": {
        "mean_left": 0.9767441860465116,
        "mean_right": 0.9457364341085271,
        "mean_diff": 0.03100775193798448,
        "std_diff": 0.006713375223135131,
        "t_statistic": 8.000000000000057,
        "p_value": 0.015268072165337926,
        "cohens_d_paired": 4.61880215351704,
        "ci95_low": 0.014330803373064211,
        "ci95_high": 0.04768470050290474,
        "shapiro_statistic": 0.75,
        "shapiro_p_value": 0.0,
        "n_pairs": 3
      },
      "weighted_f1": {
        "mean_left": 0.9765725318329418,
        "mean_right": 0.9458366374297472,
        "mean_diff": 0.030735894403194613,
        "std_diff": 0.007235120816799679,
        "t_statistic": 7.358015445822642,
        "p_value": 0.017974019869277134,
        "cohens_d_paired": 4.248152198347126,
        "ci95_low": 0.012762857933112676,
        "ci95_high": 0.048708930873276546,
        "shapiro_statistic": 0.8028588331997066,
        "shapiro_p_value": 0.12134170511435793,
        "n_pairs": 3
      },
      "train_val_gap": {
        "mean_left": -0.010582323381613948,
        "mean_right": 0.027450980392156838,
        "mean_diff": -0.03803330377377079,
        "std_diff": 0.022677585718780213,
        "t_statistic": -2.904877764890021,
        "p_value": 0.10089033405457035,
        "cohens_d_paired": -1.677131959522212,
        "ci95_low": -0.09436754966924343,
        "ci95_high": 0.01830094212170185,
        "shapiro_statistic": 0.999523703806065,
        "shapiro_p_value": 0.9583155174526848,
        "n_pairs": 3
      }
    },
    "sklearn_wine": {
      "accuracy": {
        "mean_left": 1.0,
        "mean_right": 0.9629629629629629,
        "mean_diff": 0.037037037037037056,
        "std_diff": 0.037037037037037035,
        "t_statistic": 1.732050807568878,
        "p_value": 0.2254033307585165,
        "cohens_d_paired": 1.0000000000000007,
        "ci95_low": -0.054968063398160356,
        "ci95_high": 0.12904213747223447,
        "shapiro_statistic": 0.9999999999999997,
        "shapiro_p_value": 0.9999999597527244,
        "n_pairs": 3
      },
      "weighted_f1": {
        "mean_left": 1.0,
        "mean_right": 0.9628453850676073,
        "mean_diff": 0.03715461493239266,
        "std_diff": 0.03703759692754488,
        "t_statistic": 1.7375231153482722,
        "p_value": 0.22442719227160499,
        "cohens_d_paired": 1.0031594383695221,
        "ci95_low": -0.05485187634792974,
        "ci95_high": 0.12916110621271507,
        "shapiro_statistic": 0.9999697665981374,
        "shapiro_p_value": 0.9894986030633375,
        "n_pairs": 3
      },
      "train_val_gap": {
        "mean_left": 0.019315013938669856,
        "mean_right": 0.04938271604938275,
        "mean_diff": -0.030067702110712895,
        "std_diff": 0.02603939386130035,
        "t_statistic": -2.0000000000000004,
        "p_value": 0.1835034190722739,
        "cohens_d_paired": -1.1547005383792517,
        "ci95_low": -0.09475314239268914,
        "ci95_high": 0.034617738171263346,
        "shapiro_statistic": 0.75,
        "shapiro_p_value": 0.0,
        "n_pairs": 3
      }
    },
    "uci_connectionist_bench_sonar": {
      "accuracy": {
        "mean_left": 0.78125,
        "mean_right": 0.8020833333333334,
        "mean_diff": -0.020833333333333332,
        "std_diff": 0.018042195912175808,
        "t_statistic": -1.9999999999999998,
        "p_value": 0.183503419072274,
        "cohens_d_paired": -1.1547005383792512,
        "ci95_low": -0.0656526326015569,
        "ci95_high": 0.023985965934890236,
        "shapiro_statistic": 0.75,
        "shapiro_p_value": 0.0,
        "n_pairs": 3
      },
      "weighted_f1": {
        "mean_left": 0.7802802694880494,
        "mean_right": 0.8020731508634734,
        "mean_diff": -0.021792881375424084,
        "std_diff": 0.018413048967138124,
        "t_statistic": -2.0499797645095175,
        "p_value": 0.1768687455389194,
        "cohens_d_paired": -1.1835563688728556,
        "ci95_low": -0.06753343070299736,
        "ci95_high": 0.023947667952149195,
        "shapiro_statistic": 0.8208612989623583,
        "shapiro_p_value": 0.16533982573306427,
        "n_pairs": 3
      },
      "train_val_gap": {
        "mean_left": 0.048572487949573584,
        "mean_right": 0.3010752688172043,
        "mean_diff": -0.2525027808676307,
        "std_diff": 0.11986766620450559,
        "t_statistic": -3.648587307681544,
        "p_value": 0.06759177116340581,
        "cohens_d_paired": -2.1065128642517914,
        "ci95_low": -0.5502705709057436,
        "ci95_high": 0.04526500917048215,
        "shapiro_statistic": 0.9970135475403962,
        "shapiro_p_value": 0.8955771398737832,
        "n_pairs": 3
      }
    },
    "uci_glass_identification": {
      "accuracy": {
        "mean_left": 0.5959595959595959,
        "mean_right": 0.5959595959595959,
        "mean_diff": 0.0,
        "std_diff": 0.0,
        "t_statistic": NaN,
        "p_value": NaN,
        "cohens_d_paired": 0.0,
        "ci95_low": 0.0,
        "ci95_high": 0.0,
        "shapiro_statistic": 1.0,
        "shapiro_p_value": 1.0,
        "n_pairs": 3
      },
      "weighted_f1": {
        "mean_left": 0.5860525611118498,
        "mean_right": 0.5921890845211003,
        "mean_diff": -0.006136523409250638,
        "std_diff": 0.01438161034195915,
        "t_statistic": -0.7390528650082987,
        "p_value": 0.5368418382287311,
        "cohens_d_paired": -0.42669237055790543,
        "ci95_low": -0.04186242401540992,
        "ci95_high": 0.029589377196908642,
        "shapiro_statistic": 0.9779947520517365,
        "shapiro_p_value": 0.7156388161434379,
        "n_pairs": 3
      },
      "train_val_gap": {
        "mean_left": 0.045511744966442946,
        "mean_right": 0.14079977628635346,
        "mean_diff": -0.09528803131991052,
        "std_diff": 0.11677759938177393,
        "t_statistic": -1.4133165305079796,
        "p_value": 0.29311758349824013,
        "cohens_d_paired": -0.8159786793389299,
        "ci95_low": -0.38537966983184724,
        "ci95_high": 0.19480360719202616,
        "shapiro_statistic": 0.7744628326652788,
        "shapiro_p_value": 0.054889005018857406,
        "n_pairs": 3
      }
    }
  }
}